{"stats":{"minecraft:picked_up":{"minecraft:wheat_seeds":1,"minecraft:oak_log":6,"minecraft:mutton":2,"minecraft:dirt":2,"minecraft:white_wool":1},"minecraft:custom":{"minecraft:time_since_rest":3308,"minecraft:play_time":3308,"minecraft:sprint_one_cm":7228,"minecraft:damage_taken":40,"minecraft:walk_one_cm":3914,"minecraft:sneak_time":7,"minecraft:mob_kills":1,"minecraft:drop":1,"minecraft:jump":77,"minecraft:damage_dealt":119,"minecraft:leave_game":1,"minecraft:time_since_death":3308,"minecraft:total_world_time":3308,"minecraft:fly_one_cm":20134,"minecraft:fall_one_cm":4058},"minecraft:mined":{"minecraft:short_grass":44,"minecraft:grass_block":2,"minecraft:oak_log":6,"minecraft:oak_leaves":1,"minecraft:azure_bluet":1},"minecraft:used":{"minecraft:dirt":2},"minecraft:killed":{"minecraft:sheep":1},"minecraft:dropped":{"minecraft:wheat_seeds":1}},"DataVersion":3953}